1,"Jennifer Saunders, Joanna Lumley, Jane Horrocks",1 win & 8 nominations,"$4,772,155","United Kingdom, United States",Mandie Fletcher,29 Nov 2016,"Comedy, Crime",tt2112096,5.4,"12,670","English, French",http://167.114.174.132:9092/movies/Batch211/Absolutely.Fabulous.The.Movie.2016.720p.BluRay.x264-%5BYTS.AG%5D.mp4,59,"After attracting both media and police attention for accidentally knocking Kate Moss into the River Thames, Edina and Patsy hide out in the south of France.",https://m.media-amazon.com/images/M/MV5BMjI4NDI5MDg2OV5BMl5BanBnXkFtZTgwNzA5ODQ3ODE@._V1_SX300.jpg,N/A,R,22 Jul 2016,True,91 min,http://167.114.174.132:9092/movies/Batch211/Absolutely.Fabulous.The.Movie.2016.720p.BluRay.x264-%5BYTS.AG%5D.srt,Absolutely Fabulous: The Movie,movie,N/A,Jennifer Saunderz,2016
2,"Judy Greer, Natasha Lyonne, Malcolm Barrett",1 nomination,N/A,United States,Jamie Babbit,09 Aug 2016,"Comedy, Crime, Drama",tt4000870,5.4,"2,905",English,http://167.114.174.132:9092/movies/Batch211/Addicted.To.Fresno.2015.720p.BluRay.x264-%5BYTS.AG%5D.mp4,34,Follows the lives two co-dependent sisters who work as hotel maids in Fresno.,https://m.media-amazon.com/images/M/MV5BOTMxMzY0ODM2NV5BMl5BanBnXkFtZTgwODA3MDI1NjE@._V1_SX300.jpg,N/A,Not Rated,01 Sep 2015,True,85 min,http://167.114.174.132:9092/movies/Batch211/Addicted.To.Fresno.2015.720p.BluRay.x264-%5BYTS.AG%5D.srt,Addicted to Fresno,movie,N/A,Karey Dornetto,2015
3,"Nick Robinson, Common, Cary Elwes",1 win,"$30,400",United States,Rob Reiner,04 Oct 2016,"Drama, Romance",tt4630444,6.2,"4,571","English, Hebrew",http://167.114.174.132:9092/movies/Batch211/Being.Charlie.2015.720p.BluRay.x264-%5BYTS.AG%5D.mp4,47,"A would-be governor's addicted son goes down the long, rough road of rehab, fighting against recovery every inch of the way.",https://m.media-amazon.com/images/M/MV5BMTk4NDk5ODU3Ml5BMl5BanBnXkFtZTgwNzY4Nzk2ODE@._V1_SX300.jpg,N/A,R,06 May 2016,True,97 min,http://167.114.174.132:9092/movies/Batch211/Being.Charlie.2015.720p.BluRay.x264-%5BYTS.AG%5D.srt,Being Charlie,movie,N/A,"Nick Reiner, Matt Elisofon",2015
4,"Charlton Heston, Jack Hawkins, Stephen Boyd",Won 11 Oscars. 29 wins & 16 nominations total,"$74,432,704",United States,William Wyler,13 Sep 2005,"Adventure, Drama",tt0052618,8.1,"239,468",English,http://167.114.174.132:9092/movies/Batch211/Ben-Hur.2016.720p.BluRay.x264-%5BYTS.AG%5D.mp4,90,"After a Jewish prince is betrayed and sent into slavery by a Roman friend in 1st-century Jerusalem, he regains his freedom and comes back for revenge.",https://m.media-amazon.com/images/M/MV5BNjgxY2JiZDYtZmMwOC00ZmJjLWJmODUtMTNmNWNmYWI5ODkwL2ltYWdlL2ltYWdlXkEyXkFqcGdeQXVyNjc1NTYyMjg@._V1_SX300.jpg,N/A,G,18 Nov 1959,True,212 min,http://167.114.174.132:9092/movies/Batch211/Ben-Hur.2016.720p.BluRay.x264-%5BYTS.AG%5D.srt,Ben-Hur,movie,N/A,"Lew Wallace, Karl Tunberg, Gore Vidal",1959
5,"Thomas Haden Church, Terrence Howard, Boyd Holbrook",N/A,N/A,United States,Knate Lee,15 Nov 2016,Drama,tt3230660,6.3,"2,844",English,http://167.114.174.132:9092/movies/Batch211/Cardboard.Boxer.2016.720p.BluRay.x264-%5BYTS.AG%5D.mp4,41,"Gentle and broken, a homeless man is coerced by two teens to fight other men on video for cash but soon finds comfort in an unlikely friend and the lost diary of a young girl.",https://m.media-amazon.com/images/M/MV5BOTE5MDcxMzA0Ml5BMl5BanBnXkFtZTgwOTc4MDA5OTE@._V1_SX300.jpg,N/A,Not Rated,16 Sep 2016,True,88 min,http://167.114.174.132:9092/movies/Batch211/Cardboard.Boxer.2016.720p.BluRay.x264-%5BYTS.AG%5D.srt,Cardboard Boxer,movie,N/A,Knate Lee,2016
6,Alorangel,N/A,N/A,United States,Alorangel,N/A,"Short, Music",tt10882642,N/A,N/A,English,http://167.114.174.132:9092/movies/Batch211/Dont.Breathe.2016.720p.BluRay.x264-%5BYTS.AG%5D.mp4,N/A,N/A,https://m.media-amazon.com/images/M/MV5BZGI5ZTU2M2YtZWY4MC00ZDFhLTliYTItZTk1NjdlN2NkMzg2XkEyXkFqcGdeQXVyMjY5ODI4NDk@._V1_.jpg,N/A,N/A,26 Aug 2019,True,N/A,http://167.114.174.132:9092/movies/Batch211/Dont.Breathe.2016.720p.BluRay.x264-%5BYTS.AG%5D.srt,Dont Breathe,movie,N/A,N/A,2019
7,"Keenan Kampa, Nicholas Galitzine, Sonoya Mizuno",N/A,"$53,447","United States, Romania",Michael Damian,02 Aug 2016,"Drama, Music, Romance",tt3451230,6.3,"9,473",English,http://167.114.174.132:9092/movies/Batch211/High.Strung.2016.720p.BluRay.x264-%5BYTS.AG%5D.mp4,48,"Dancer Ruby, starting at Manhattan Conservatory of the Arts, meets English violinist Johnnie, playing in a subway station. Music and dance follow.",https://m.media-amazon.com/images/M/MV5BMTcyNTExMDE1OV5BMl5BanBnXkFtZTgwNzg3OTMwODE@._V1_SX300.jpg,N/A,PG,08 Apr 2016,True,96 min,http://167.114.174.132:9092/movies/Batch211/High.Strung.2016.720p.BluRay.x264-%5BYTS.AG%5D.srt,High Strung,movie,N/A,"Janeen Damian, Michael Damian",2016
8,"Matt Damon, Tommy Lee Jones, Alicia Vikander",3 wins & 20 nominations,"$162,434,410","United States, China",Paul Greengrass,06 Dec 2016,"Action, Thriller",tt4196776,6.6,"227,884","English, Greek, German, Japanese",http://167.114.174.132:9092/movies/Batch211/Jason.Bourne.2016.720p.BluRay.x264-%5BYTS.AG%5D.mp4,58,The CIA's most dangerous former operative is drawn out of hiding to uncover more explosive truths about his past.,https://m.media-amazon.com/images/M/MV5BNGJlYjVkMjQtN2NlZC00NTJhLThmZjItMTRlZDczMmE3YmI3XkEyXkFqcGdeQXVyMzI0NDc4ODY@._V1_SX300.jpg,N/A,PG-13,29 Jul 2016,True,123 min,http://167.114.174.132:9092/movies/Batch211/Jason.Bourne.2016.720p.BluRay.x264-%5BYTS.AG%5D.srt,Jason Bourne,movie,N/A,"Paul Greengrass, Christopher Rouse, Robert Ludlum",2016
9,"Markees Christmas, Craig Robinson, Carla Juri",3 wins & 11 nominations,"$91,151","Germany, United States",Chad Hartigan,08 Nov 2016,"Comedy, Drama, Romance",tt3652862,6.3,"5,409","German, English",http://167.114.174.132:9092/movies/Batch211/Morris.From.America.2016.720p.BluRay.x264-%5BYTS.AG%5D.mp4,75,The romantic and coming-of-age misadventures of a 13-year-old American living in Germany.,https://m.media-amazon.com/images/M/MV5BNDgyMzU5MTc2Ml5BMl5BanBnXkFtZTgwMTYwNzcxOTE@._V1_SX300.jpg,N/A,R,19 Aug 2016,True,91 min,http://167.114.174.132:9092/movies/Batch211/Morris.From.America.2016.720p.BluRay.x264-%5BYTS.AG%5D.srt,Morris from America,movie,N/A,Chad Hartigan,2016
10,"Chad Michael Murray, Teri Polo, Luke Wilson",1 win,N/A,United States,JT Mollner,30 Aug 2016,"Action, Adventure, Drama",tt3491962,5.4,"3,411",English,http://167.114.174.132:9092/movies/Batch211/Outlaws.And.Angels.2016.720p.BluRay.x264-%5BYTS.AG%5D.mp4,40,"When outlaws on the lam invade the home of an unsuspecting, seemingly innocent, frontier family to hide out for the night, an unexpected game of cat and mouse ensues, leading to seduction, role reversal, and ultimately, bloody rev...",https://m.media-amazon.com/images/M/MV5BMTY4MTU4MzA0OV5BMl5BanBnXkFtZTgwMTYxOTAyOTE@._V1_SX300.jpg,N/A,R,25 Jan 2016,True,120 min,http://167.114.174.132:9092/movies/Batch211/Outlaws.And.Angels.2016.720p.BluRay.x264-%5BYTS.AG%5D.srt,Outlaws and Angels,movie,N/A,JT Mollner,2016
11,"Will Smith, Jared Leto, Margot Robbie",Won 1 Oscar. 18 wins & 40 nominations total,"$325,100,054",United States,David Ayer,13 Dec 2016,"Action, Adventure, Fantasy",tt1386697,5.9,"682,540","English, Japanese, Spanish",http://167.114.174.132:9092/movies/Batch211/Suicide.Squad.2016.720p.BluRay.x264-%5BYTS.AG%5D.mp4,40,A secret government agency recruits some of the most dangerous incarcerated super-villains to form a defensive task force. Their first mission: save the world from the apocalypse.,https://m.media-amazon.com/images/M/MV5BMjM1OTMxNzUyM15BMl5BanBnXkFtZTgwNjYzMTIzOTE@._V1_SX300.jpg,N/A,PG-13,05 Aug 2016,True,123 min,http://167.114.174.132:9092/movies/Batch211/Suicide.Squad.2016.720p.BluRay.x264-%5BYTS.AG%5D.srt,Suicide Squad,movie,N/A,"David Ayer, John Ostrander",2016
12,"Mark Rylance, Ruby Barnhill, Penelope Wilton",Nominated for 1 BAFTA Award4 wins & 26 nominations total,"$55,483,770","United Kingdom, India, United States",Steven Spielberg,29 Nov 2016,"Adventure, Family, Fantasy",tt3691740,6.3,"86,554","English, Hindi",http://167.114.174.132:9092/movies/Batch211/The.BFG.2016.720p.BluRay.x264-%5BYTS.AG%5D.mp4,66,"An orphan little girl befriends a benevolent giant who takes her to Giant Country, where they attempt to stop the man-eating giants that are invading the human world.",https://m.media-amazon.com/images/M/MV5BNjAzOTUzNTY3Ml5BMl5BanBnXkFtZTgwMjYwNzE5ODE@._V1_SX300.jpg,N/A,PG,01 Jul 2016,True,117 min,http://167.114.174.132:9092/movies/Batch211/The.BFG.2016.720p.BluRay.x264-%5BYTS.AG%5D.srt,The BFG,movie,N/A,"Melissa Mathison, Roald Dahl",2016
13,"Sophie Nélisse, Kathy Bates, Glenn Close",1 win & 2 nominations,N/A,United States,Stephen Herek,06 Dec 2016,"Comedy, Drama, Family",tt1226766,6.4,"4,997",English,http://167.114.174.132:9092/movies/Batch211/The.Great.Gilly.Hopkins.2016.720p.BluRay.x264-%5BYTS.AG%5D.mp4,47,12-year-old wisecracking Gilly Hopkins finds herself shuffled from foster home to foster home until she meets Maime Trotter.,https://m.media-amazon.com/images/M/MV5BMjEyMzc1NTAwMV5BMl5BanBnXkFtZTgwNzk4NzgwMDI@._V1_SX300.jpg,N/A,PG,07 Oct 2016,True,99 min,http://167.114.174.132:9092/movies/Batch211/The.Great.Gilly.Hopkins.2016.720p.BluRay.x264-%5BYTS.AG%5D.srt,The Great Gilly Hopkins,movie,N/A,"David Paterson, Katherine Paterson",2015
14,"Josh Stewart, Bill Engvall, Alex Essoe",N/A,N/A,United Kingdom,Marcus Dunstan,06 Sep 2016,"Crime, Horror, Thriller",tt3330764,5.8,"7,820",English,http://167.114.174.132:9092/movies/Batch211/The.Neighbor.2016.720p.BluRay.x264-%5BYTS.AG%5D.mp4,N/A,"Set in Cutter Mississippi, the film follows a man who discovers the dark truth about his neighbor and the secrets he may be keeping in the cellar.",https://m.media-amazon.com/images/M/MV5BYTlmYWNiZDEtODg2Ny00YmIzLWExMmItNDI0YWEzNDUyYzBkXkEyXkFqcGdeQXVyMTE2NzA0Ng@@._V1_SX300.jpg,N/A,Not Rated,16 Sep 2016,True,87 min,,The Neighbor,movie,N/A,"Marcus Dunstan, Patrick Melton",2016
15,"Todd Lowe, Brooke Butler, Hannah Nordberg",N/A,N/A,United States,Thomas Della Bella,14 Mar 2017,"Horror, Thriller",tt3894312,3.7,"3,365",English,http://167.114.174.132:9092/movies/Batch211/The.Remains.2016.720p.BluRay.x264-%5BYTS.AG%5D.mp4,N/A,"When a family moves into an old Victorian home, they discover a chest in the attic containing antiques inhabited by an evil spirit. As the antiques slowly possess each family member, the spirit grows stronger.",https://m.media-amazon.com/images/M/MV5BMjA2MjE1MzA4NV5BMl5BanBnXkFtZTgwNzUxMzc1OTE@._V1_SX300.jpg,N/A,Not Rated,05 Aug 2016,True,85 min,http://167.114.174.132:9092/movies/Batch211/The.Remains.2016.720p.BluRay.x264-%5BYTS.AG%5D.srt,The Remains,movie,N/A,Thomas Della Bella,2016
16,"Keanu Reeves, Renée Zellweger, Gugu Mbatha-Raw",1 nomination,N/A,United States,Courtney Hunt,10 Jan 2017,"Crime, Drama, Mystery",tt3503406,6.2,"29,436",English,http://167.114.174.132:9092/movies/Batch211/The.Whole.Truth.2016.720p.BluRay.x264-%5BYTS.AG%5D.mp4,46,A defense attorney works to get his teenage client acquitted of murdering his wealthy father.,https://m.media-amazon.com/images/M/MV5BMzI5MjYzNTEyNF5BMl5BanBnXkFtZTgwNjE5NTgwMDI@._V1_SX300.jpg,N/A,R,21 Oct 2016,True,93 min,http://167.114.174.132:9092/movies/Batch211/The.Whole.Truth.2016.720p.BluRay.x264-%5BYTS.AG%5D.srt,The Whole Truth,movie,N/A,Nicholas Kazan,2016
17,"Renée Zellweger, Gemma Jones, Jim Broadbent",2 wins & 6 nominations,"$24,252,420","United States, France, China, United Kingdom, Japan",Sharon Maguire,13 Dec 2016,"Comedy, Drama, Romance",tt1473832,6.5,"76,168","English, Italian",http://167.114.174.132:9092/movies/Batch212/Bridget.Jones%27s.Baby.2016.720p.BluRay.x264-%5BYTS.AG%5D.mp4,59,"Forty-something and single again, Bridget decides to focus on her job and surround herself with friends. Then she discovers that she is pregnant--but she is only 50% sure of the baby's father's identity.",https://m.media-amazon.com/images/M/MV5BZTNjZTE2YzEtZDJkNi00ZjBmLTlhNzUtZmUxMzZmODdjOTUzXkEyXkFqcGdeQXVyMjQwMjk0NjI@._V1_SX300.jpg,N/A,R,16 Sep 2016,True,123 min,http://167.114.174.132:9092/movies/Batch212/Bridget.Jones%27s.Baby.2016.720p.BluRay.x264-%5BYTS.AG%5D.srt,Bridget Jones's Baby,movie,N/A,"Helen Fielding, Dan Mazer, Emma Thompson",2016
18,"Scott Adkins, Stu Bennett, Daniel Caltagirone",N/A,N/A,"United Kingdom, United States",James Nunn,06 Dec 2016,"Action, Thriller",tt4587366,5.5,"4,480",English,http://167.114.174.132:9092/movies/Batch212/Eliminators.2016.720p.BluRay.x264-%5BYTS.AG%5D.mp4,N/A,"Thomas, widower and ex federal agent, hides in London with his daughter. 3 men break in. Thomas kills them. His photo ends on TV. A US crime boss sends a killer to London.",https://m.media-amazon.com/images/M/MV5BNzY2MmRjOGMtNzBlYS00M2FmLThhMmItNzUyNDNkNDZkZjVhL2ltYWdlXkEyXkFqcGdeQXVyMjI4MjA3NDY@._V1_SX300.jpg,N/A,R,09 Dec 2016,True,94 min,http://167.114.174.132:9092/movies/Batch212/Eliminators.2016.720p.BluRay.x264-%5BYTS.AG%5D.srt,Eliminators,movie,N/A,"Nathan Brookes, Bobby Lee Darby",2016
19,"Usain Bolt, Nugent Walker Jr., Ricky Simms",1 win & 2 nominations,N/A,United Kingdom,"Ben Turner, Gabe Turner",29 Nov 2016,"Documentary, Biography, Sport",tt4647900,7.1,"3,537",English,http://167.114.174.132:9092/movies/Batch212/I.Am.Bolt.2016.720p.BluRay.x264-%5BYTS.AG%5D.mp4,64,"The legacy of the fastest man in history, Usain Bolt.",https://m.media-amazon.com/images/M/MV5BNDhiNDEwYTQtNzY5MC00YWIwLWI5YjgtYzUxYTViMTFlNjdhXkEyXkFqcGdeQXVyMTE2ODA5Nzk@._V1_SX300.jpg,N/A,PG,28 Nov 2016,True,107 min,http://167.114.174.132:9092/movies/Batch212/I.Am.Bolt.2016.720p.BluRay.x264-%5BYTS.AG%5D.srt,I Am Bolt,movie,N/A,N/A,2016
20,"Eva Green, Asa Butterfield, Samuel L. Jackson",2 wins & 12 nominations,"$87,242,834","United States, United Kingdom, Belgium, Canada",Tim Burton,13 Dec 2016,"Adventure, Drama, Family",tt1935859,6.7,"173,304",English,http://167.114.174.132:9092/movies/Batch212/Miss.Peregrine%27s.Home.For.Peculiar.Children.2016.720p.BluRay.x264-%5BYTS.AG%5D.mp4,57,"When Jacob (Asa Butterfield) discovers clues to a mystery that stretches across time, he finds Miss Peregrine's Home for Peculiar Children. But the danger deepens after he gets to know the residents and learns about their special ...",https://m.media-amazon.com/images/M/MV5BMTU0Nzc5NzI5NV5BMl5BanBnXkFtZTgwNTk1MDE4MDI@._V1_SX300.jpg,N/A,PG-13,30 Sep 2016,True,127 min,http://167.114.174.132:9092/movies/Batch212/Miss.Peregrine%27s.Home.For.Peculiar.Children.2016.720p.BluRay.x264-%5BYTS.AG%5D.srt,Miss Peregrine's Home for Peculiar Children,movie,N/A,"Ransom Riggs, Jane Goldman",2016
21,"Kate Mara, Anya Taylor-Joy, Rose Leslie",2 nominations,"$3,915,251",United States,Luke Scott,13 Dec 2016,"Action, Horror, Sci-Fi",tt4520364,5.8,"43,535","English, Mandarin",http://167.114.174.132:9092/movies/Batch212/Morgan.2016.720p.BluRay.x264-%5BYTS.AG%5D.mp4,48,A corporate risk-management consultant must decide whether or not to terminate an artificially created humanoid being.,https://m.media-amazon.com/images/M/MV5BMjA1MjYyNDkxN15BMl5BanBnXkFtZTgwMTgxODAwOTE@._V1_SX300.jpg,N/A,R,02 Sep 2016,True,92 min,http://167.114.174.132:9092/movies/Batch212/Morgan.2016.720p.BluRay.x264-%5BYTS.AG%5D.srt,Morgan,movie,N/A,Seth W. Owen,2016
22,"Billie Joe Armstrong, Fred Armisen, Judy Greer",N/A,N/A,United States,Lee Kirk,N/A,"Comedy, Drama, Music",tt4189494,5.5,"3,156",English,http://167.114.174.132:9092/movies/Batch212/Ordinary.World.2016.720p.BluRay.x264-%5BYTS.AG%5D.mp4,55,An aging punk rocker copes with life after rock.,https://m.media-amazon.com/images/M/MV5BMjI4MDM4MTU0Ml5BMl5BanBnXkFtZTgwMTg4NzgwMDI@._V1_SX300.jpg,N/A,Not Rated,14 Oct 2016,True,86 min,http://167.114.174.132:9092/movies/Batch212/Ordinary.World.2016.720p.BluRay.x264-%5BYTS.AG%5D.srt,Ordinary World,movie,N/A,Lee Kirk,2016
23,"Tika Sumpter, Parker Sawyers, Vanessa Bell Calloway",3 wins & 12 nominations,"$6,304,223",United States,Richard Tanne,13 Dec 2016,"Biography, Drama, History",tt4258698,6.3,"11,097",English,http://167.114.174.132:9092/movies/Batch212/Southside.With.You.2016.720p.BluRay.x264-%5BYTS.AG%5D.mp4,74,"Chronicles the 1989 summer afternoon when the future President of the United States, Barack Obama, wooed his future First Lady, Michelle Obama, on a first date across Chicago's South Side.",https://m.media-amazon.com/images/M/MV5BMjI3MTQ3NzE5NV5BMl5BanBnXkFtZTgwMjgzOTMxOTE@._V1_SX300.jpg,N/A,PG-13,26 Aug 2016,True,84 min,http://167.114.174.132:9092/movies/Batch212/Southside.With.You.2016.720p.BluRay.x264-%5BYTS.AG%5D.srt,Southside with You,movie,N/A,Richard Tanne,2016
24,"Andy Samberg, Katie Crown, Kelsey Grammer",5 wins & 4 nominations,"$72,800,603",United States,"Nicholas Stoller, Doug Sweetland",20 Dec 2016,"Animation, Adventure, Comedy",tt4624424,6.8,"62,626",English,http://167.114.174.132:9092/movies/Batch212/Storks.2016.720p.BluRay.x264-%5BYTS.AG%5D.mp4,56,"Storks have moved on from delivering babies to packages. But when an order for a baby appears, the best delivery stork must scramble to fix the error by delivering the baby.",https://m.media-amazon.com/images/M/MV5BMTYxNjI3MzcwMF5BMl5BanBnXkFtZTgwOTIyNDY5OTE@._V1_SX300.jpg,N/A,PG,23 Sep 2016,True,87 min,http://167.114.174.132:9092/movies/Batch212/Storks.2016.720p.BluRay.x264-%5BYTS.AG%5D.srt,Storks,movie,N/A,Nicholas Stoller,2016
25,"Tom Hanks, Aaron Eckhart, Laura Linney",Nominated for 1 Oscar. 14 wins & 36 nominations total,"$125,070,033",United States,Clint Eastwood,20 Dec 2016,"Biography, Drama",tt3263904,7.4,"272,115",English,http://167.114.174.132:9092/movies/Batch212/Sully.2016.720p.BluRay.x264-%5BYTS.AG%5D.mp4,74,"When pilot Chesley ""Sully"" Sullenberger lands his damaged plane on the Hudson River in order to save the flight's passengers and crew, some consider him a hero while others think he was reckless.",https://m.media-amazon.com/images/M/MV5BY2NmZDAwM2QtZmFiMS00OTJlLTgxMTItZDMyZmVhYjE1MDY3XkEyXkFqcGdeQXVyMTMxODk2OTU@._V1_SX300.jpg,N/A,PG-13,09 Sep 2016,True,96 min,http://167.114.174.132:9092/movies/Batch212/Sully.2016.720p.BluRay.x264-%5BYTS.AG%5D.srt,Sully,movie,N/A,"Todd Komarnicki, Chesley Sullenberger, Jeffrey Zaslow",2016
26,"Zoe Saldana, Karl Urban, Chris Pine",2 wins,"$80,141","Canada, United States",Adam Nimoy,20 Dec 2016,"Documentary, Biography",tt4572820,7.6,"4,536",English,http://167.114.174.132:9092/movies/Batch213/For.The.Love.Of.Spock.2016.720p.BluRay.x264-%5BYTS.AG%5D.mp4,74,An examination of the enduring appeal of Leonard Nimoy and his portrayal of Spock in Star Trek: The Original Series (1966).,https://m.media-amazon.com/images/M/MV5BMjM2Mjg4Mjk5Nl5BMl5BanBnXkFtZTgwMTE1OTE5OTE@._V1_SX300.jpg,N/A,Not Rated,09 Sep 2016,True,111 min,http://167.114.174.132:9092/movies/Batch213/For.The.Love.Of.Spock.2016.720p.BluRay.x264-%5BYTS.AG%5D.srt,For the Love of Spock,movie,N/A,N/A,2016
27,"Shawn C. Phillips, R.A. Mihailoff, Melantha Blackthorne",3 wins & 6 nominations,N/A,United States,Jason Hull,25 Oct 2016,"Action, Horror, Thriller",tt3527772,1.6,595,English,http://167.114.174.132:9092/movies/Batch213/Krampus.The.Devil.Returns.2016.720p.BluRay.x264-%5BYTS.AG%5D.mp4,N/A,"Five years after the murder of his wife and disappearance of his daughter, former police officer Jeremy Duffin is brought back to help in the hunt for a yuletide monster that punishes children that have been ""naughty."" As the mons...",https://m.media-amazon.com/images/M/MV5BMzA0OTYyNjMxNV5BMl5BanBnXkFtZTgwNjQ5NTY4NDE@._V1_SX300.jpg,N/A,Not Rated,04 Oct 2016,True,83 min,http://167.114.174.132:9092/movies/Batch213/Krampus.The.Devil.Returns.2016.720p.BluRay.x264-%5BYTS.AG%5D.srt,Krampus: The Devil Returns,movie,N/A,"Jason Hull, A.J. Leslie",2016
28,"Joseph Gordon-Levitt, Shailene Woodley, Melissa Leo",4 wins & 7 nominations,"$21,587,519","United Kingdom, France, Germany, United States",Oliver Stone,27 Dec 2016,"Biography, Crime, Drama",tt3774114,7.3,"152,696","English, American Sign , Russian",http://167.114.174.132:9092/movies/Batch213/Snowden.2016.720p.BluRay.x264-%5BYTS.AG%5D.mp4,58,"The NSA's illegal surveillance techniques are leaked to the public by one of the agency's employees, Edward Snowden, in the form of thousands of classified documents distributed to the press.",https://m.media-amazon.com/images/M/MV5BMTg2MzYzNzgzOF5BMl5BanBnXkFtZTgwOTg4NzQ4OTE@._V1_SX300.jpg,N/A,R,16 Sep 2016,True,134 min,http://167.114.174.132:9092/movies/Batch213/Snowden.2016.720p.BluRay.x264-%5BYTS.AG%5D.srt,Snowden,movie,N/A,"Kieran Fitzgerald, Oliver Stone, Luke Harding",2016
29,"Mikkel Bang, Shin Biyajima, Ben Ferguson",N/A,N/A,"Austria, French Polynesia, Japan, Russia, United States",Jon Klaczkiewicz,03 Oct 2016,"Documentary, Action, Adventure",tt5226436,7.0,"1,474",English,http://167.114.174.132:9092/movies/Batch213/The.Fourth.Phase.2016.720p.BluRay.x264-%5BYTS.AG%5D.mp4,N/A,"From the innovators of ""The Art Of FLIGHT"" (2011) comes a documentary about the iconic snowboarder Travis Rice. The production of the movie started in 2013.",https://m.media-amazon.com/images/M/MV5BOGVhNjUwYTItYmI2NS00ZGI1LWE5ZDQtMWVjMTIyODAzMDI4XkEyXkFqcGdeQXVyMjQ3NzUxOTM@._V1_SX300.jpg,N/A,Not Rated,02 Oct 2016,True,90 min,http://167.114.174.132:9092/movies/Batch213/The.Fourth.Phase.2016.720p.BluRay.x264-%5BYTS.AG%5D.srt,The Fourth Phase,movie,N/A,Melissa Larsen,2016
30,"Denzel Washington, Chris Pratt, Ethan Hawke",5 wins & 12 nominations,"$93,432,655","United States, Australia",Antoine Fuqua,20 Dec 2016,"Action, Adventure, Western",tt2404435,6.8,"212,416","English, North American Indian, Spanish",http://167.114.174.132:9092/movies/Batch213/The.Magnificent.Seven.2016.720p.BluRay.x264-%5BYTS.AG%5D.mp4,54,Seven gunmen from a variety of backgrounds are brought together by a vengeful young widow to protect her town from the private army of a destructive industrialist.,https://m.media-amazon.com/images/M/MV5BMTUzNTc0NTAyM15BMl5BanBnXkFtZTgwMTk1ODA5OTE@._V1_SX300.jpg,N/A,PG-13,23 Sep 2016,True,132 min,http://167.114.174.132:9092/movies/Batch213/The.Magnificent.Seven.2016.720p.BluRay.x264-%5BYTS.AG%5D.srt,The Magnificent Seven,movie,N/A,"Akira Kurosawa, Shinobu Hashimoto, Hideo Oguni",2016
31,"Malcolm McDowell, Richard Brake, Jeff Daniel Phillips",2 wins & 8 nominations,"$779,820","United Kingdom, United States",Rob Zombie,20 Dec 2016,"Horror, Thriller",tt3835080,5.1,"21,181","English, Spanish, German",http://167.114.174.132:9092/movies/Batch214/31.2016.720p.BluRay.x264-%5BYTS.AG%5D.mp4,35,"Five carnival workers are kidnapped and held hostage in an abandoned, hellish compound where they are forced to participate in a violent game, the goal of which is to survive twelve hours against a gang of sadistic clowns.",https://m.media-amazon.com/images/M/MV5BNTE0NTMzNjE0NV5BMl5BanBnXkFtZTgwMzM4NTM3OTE@._V1_SX300.jpg,N/A,R,16 Sep 2016,True,102 min,http://167.114.174.132:9092/movies/Batch214/31.2016.720p.BluRay.x264-%5BYTS.AG%5D.srt,31,movie,N/A,Rob Zombie,2016
32,"Sasha Lane, Shia LaBeouf, Riley Keough",Nominated for 1 BAFTA Award13 wins & 44 nominations total,"$663,246","United Kingdom, United States",Andrea Arnold,27 Dec 2016,"Adventure, Drama, Romance",tt3721936,7.0,"43,358",English,http://167.114.174.132:9092/movies/Batch214/American.Honey.2016.720p.BluRay.x264-%5BYTS.AG%5D.mp4,79,"A teenage girl with nothing to lose joins a traveling magazine sales crew, and gets caught up in a whirlwind of hard partying, law bending and young love as she criss-crosses the Midwest with a band of misfits.",https://m.media-amazon.com/images/M/MV5BMTk1MDQxNDQzMV5BMl5BanBnXkFtZTgwNDY1MDQ3OTE@._V1_SX300.jpg,N/A,R,14 Oct 2016,True,163 min,http://167.114.174.132:9092/movies/Batch214/American.Honey.2016.720p.BluRay.x264-%5BYTS.AG%5D.srt,American Honey,movie,N/A,"Andrea Arnold, Ian Urbina",2016
33,"James Allen McCune, Callie Hernandez, Corbin Reid",3 wins & 7 nominations,"$20,777,061","Canada, United States",Adam Wingard,03 Jan 2017,"Horror, Mystery, Thriller",tt1540011,5.0,"46,594",English,http://167.114.174.132:9092/movies/Batch214/Blair.Witch.2016.720p.BluRay.x264-%5BYTS.AG%5D.mp4,47,"After discovering a video showing what he believes to be his vanished sister Heather, James and a group of friends head to the forest believed to be inhabited by the Blair Witch.",https://m.media-amazon.com/images/M/MV5BMjI0NTEyMjA3NV5BMl5BanBnXkFtZTgwODk5OTU4OTE@._V1_SX300.jpg,N/A,R,16 Sep 2016,True,89 min,http://167.114.174.132:9092/movies/Batch214/Blair.Witch.2016.720p.BluRay.x264-%5BYTS.AG%5D.srt,Blair Witch,movie,N/A,Simon Barrett,2016
34,"Rachel Weisz, Tom Wilkinson, Timothy Spall",Nominated for 1 BAFTA Award7 nominations total,"$4,073,489","United Kingdom, United States",Mick Jackson,03 Jan 2017,"Biography, Drama",tt4645330,6.7,"21,718","English, German, Hebrew",http://167.114.174.132:9092/movies/Batch214/Denial.2016.720p.BluRay.x264-%5BYTS.AG%5D.mp4,63,"Acclaimed writer and historian Deborah E. Lipstadt must battle for historical truth to prove the Holocaust actually occurred when David Irving, a renowned denier, sues her for libel.",https://m.media-amazon.com/images/M/MV5BMjMzODExNDEzMl5BMl5BanBnXkFtZTgwMDg3NjIyOTE@._V1_SX300.jpg,N/A,PG-13,21 Oct 2016,True,109 min,http://167.114.174.132:9092/movies/Batch214/Denial.2016.720p.BluRay.x264-%5BYTS.AG%5D.srt,Denial,movie,N/A,"Deborah Lipstadt, David Hare",2016
35,"Nicolas Cage, Willem Dafoe, Christopher Matthew Cook",1 nomination,N/A,United States,Paul Schrader,27 Dec 2016,"Action, Crime, Thriller",tt4054654,4.8,"8,996",English,http://167.114.174.132:9092/movies/Batch214/Dog.Eat.Dog.2016.720p.BluRay.x264-%5BYTS.AG%5D.mp4,53,A crew of ex-cons are hired by a Cleveland mafioso to kidnap the baby of a rival mobster.,https://m.media-amazon.com/images/M/MV5BMTc0ODExNjM4NV5BMl5BanBnXkFtZTgwNzY4ODYxMDI@._V1_SX300.jpg,N/A,Not Rated,11 Nov 2016,True,93 min,http://167.114.174.132:9092/movies/Batch214/Dog.Eat.Dog.2016.720p.BluRay.x264-%5BYTS.AG%5D.srt,Dog Eat Dog,movie,N/A,"Edward Bunker, Matthew Wilder",2016
36,"Cassidy Freeman, Makenzie Vega, Bill Sage",N/A,N/A,United States,Mark Pavia,04 Oct 2016,"Horror, Thriller",tt5131906,4.9,"2,690",English,http://167.114.174.132:9092/movies/Batch214/Fender.Bender.2016.720p.BluRay.x264-%5BYTS.AG%5D.mp4,N/A,"In a small New Mexico town, teenager Hilary gets into her first fender bender and innocently exchanges her personal information with the other driver, a terrifying and bizarre serial killer who stalks the country road for his next...",https://m.media-amazon.com/images/M/MV5BNzMxODI1MjctOTAyOC00NGFiLWJmOTktYTZmOGI5YmI3ZTkzXkEyXkFqcGdeQXVyMzMyODAzNw@@._V1_SX300.jpg,N/A,Not Rated,03 Jun 2016,True,91 min,http://167.114.174.132:9092/movies/Batch214/Fender.Bender.2016.720p.BluRay.x264-%5BYTS.AG%5D.srt,Fender Bender,movie,N/A,Mark Pavia,2016
37,"Max Records, Christopher Lloyd, Laura Fraser",10 wins & 8 nominations,N/A,"Ireland, United States, United Kingdom",Billy O'Brien,23 Nov 2016,"Drama, Horror, Thriller",tt4303340,6.2,"14,894",English,http://167.114.174.132:9092/movies/Batch214/I.Am.Not.A.Serial.Killer.2016.720p.BluRay.x264-%5BYTS.AG%5D.mp4,54,"In a small Midwestern town, a troubled teen with homicidal tendencies must hunt down and destroy a supernatural killer while keeping his own inner demons at bay.",https://m.media-amazon.com/images/M/MV5BNWVmMTBiMGQtYjQ2ZC00MGFkLThlOGItNWI0MDZhZmJiZjQyXkEyXkFqcGdeQXVyMTQxNzMzNDI@._V1_SX300.jpg,N/A,Not Rated,26 Aug 2016,True,104 min,http://167.114.174.132:9092/movies/Batch214/I.Am.Not.A.Serial.Killer.2016.720p.BluRay.x264-%5BYTS.AG%5D.srt,I Am Not a Serial Killer,movie,N/A,"Billy O'Brien, Christopher Hyde, Dan Wells",2016
38,"Ethan Hawke, John Travolta, Taissa Farmiga",N/A,"$61,797",United States,Ti West,27 Dec 2016,"Action, Western",tt3608930,6.1,"19,331",English,http://167.114.174.132:9092/movies/Batch214/In.A.Valley.Of.Violence.2016.720p.BluRay.x264-%5BYTS.AG%5D.mp4,64,A mysterious stranger and a random act of violence drag a town of misfits and nitwits into the bloody crosshairs of revenge.,https://m.media-amazon.com/images/M/MV5BMTUxMjExOTA2OF5BMl5BanBnXkFtZTgwMzI3NTgxMDI@._V1_SX300.jpg,N/A,R,21 Oct 2016,True,104 min,http://167.114.174.132:9092/movies/Batch214/In.A.Valley.Of.Violence.2016.720p.BluRay.x264-%5BYTS.AG%5D.srt,In a Valley of Violence,movie,N/A,Ti West,2016
39,"Griffin Gluck, Lauren Graham, Alexa Nisenson",5 nominations,"$20,007,149",United States,Steve Carr,03 Jan 2017,"Animation, Comedy, Family",tt4981636,6.1,"9,270","English, Central Khmer, Spanish",http://167.114.174.132:9092/movies/Batch214/Middle.School.The.Worst.Years.Of.My.Life.2016.720p.BluRay.x264-%5BYTS.AG%5D.mp4,51,"After his principal (Andy Daly) destroys his sketchbook, Rafe (Griffin Gluck) and his best friend Leo (Thomas Barbusca) decide to ""destroy his book"" and break every rule in the school's Code of Conduct.",https://m.media-amazon.com/images/M/MV5BNjQzMTczNjI0Ml5BMl5BanBnXkFtZTgwODY5MTY5OTE@._V1_SX300.jpg,N/A,PG,07 Oct 2016,True,92 min,http://167.114.174.132:9092/movies/Batch214/Middle.School.The.Worst.Years.Of.My.Life.2016.720p.BluRay.x264-%5BYTS.AG%5D.srt,Middle School: The Worst Years of My Life,movie,N/A,"Chris Bowman, Hubbel Palmer, Kara Holden",2016
40,"Gong Yoo, Jung Yu-mi, Ma Dong-seok",35 wins & 39 nominations,"$2,129,768",South Korea,Sang-ho Yeon,17 Jan 2017,"Action, Horror, Thriller",tt5700672,7.6,"219,784","Korean, Hawaiian, English",http://167.114.174.132:9092/movies/Batch214/Train.To.Busan.2016.720p.BluRay.x264-%5BYTS.AG%5D.mp4,73,"While a zombie virus breaks out in South Korea, passengers struggle to survive on the train from Seoul to Busan.",https://m.media-amazon.com/images/M/MV5BMTkwOTQ4OTg0OV5BMl5BanBnXkFtZTgwMzQyOTM0OTE@._V1_SX300.jpg,N/A,Not Rated,20 Jul 2016,True,118 min,http://167.114.174.132:9092/movies/Batch214/Train.To.Busan.2016.720p.BluRay.x264-%5BYTS.AG%5D.srt,Train to Busan,movie,N/A,"Joo-Suk Park, Sang-ho Yeon",2016
41,"Morris Chestnut, Regina Hall, Romany Malco",1 nomination,"$29,747,603",United States,Jon Cassar,27 Dec 2016,"Drama, Thriller",tt1389139,5.1,"7,226",English,http://167.114.174.132:9092/movies/Batch214/When.The.Bough.Breaks.2016.720p.BluRay.x264-%5BYTS.AG%5D.mp4,28,A surrogate mom for a couple becomes dangerously obsessed with the soon-to-be father.,https://m.media-amazon.com/images/M/MV5BMTc4MTk3Mzk4NV5BMl5BanBnXkFtZTgwMDgzNDUyOTE@._V1_SX300.jpg,N/A,PG-13,09 Sep 2016,True,107 min,http://167.114.174.132:9092/movies/Batch214/When.The.Bough.Breaks.2016.720p.BluRay.x264-%5BYTS.AG%5D.srt,When the Bough Breaks,movie,N/A,Jack Olsen,2016
42,"Idris Elba, Gemma Arterton, Tom Cullen",1 nomination,N/A,United Kingdom,Jim O'Hanlon,04 Apr 2017,Drama,tt2990126,5.8,"4,165",English,http://167.114.174.132:9092/movies/Batch221/100.Streets.2016.720p.BluRay.x264-%5BYTS.AG%5D.mp4,44,"Three people, three extraordinary stories. All lived out within a hundred London streets.",https://m.media-amazon.com/images/M/MV5BMTc5NjQ3NzkzM15BMl5BanBnXkFtZTgwMDU2MTQ2MDI@._V1_SX300.jpg,N/A,TV-MA,13 Jan 2017,True,93 min,http://167.114.174.132:9092/movies/Batch221/100.Streets.2016.720p.BluRay.x264-%5BYTS.AG%5D.srt,100 Streets,movie,N/A,Leon Butler,2016
43,"Garrett Clayton, Christian Slater, Molly Ringwald",1 win & 2 nominations,"$81,757",United States,Justin Kelly,14 Feb 2017,"Crime, Drama",tt5129682,5.6,"9,141",English,http://167.114.174.132:9092/movies/Batch221/King.Cobra.2016.720p.BluRay.x264-%5BYTS.AG%5D.mp4,48,"Veteran gay pornography producer Stephen battles two rival producers over the rights to his underage porn star creation, Brent Corrigan, with deadly results.",https://m.media-amazon.com/images/M/MV5BMTU1Njk2NzMxOF5BMl5BanBnXkFtZTgwMzY4ODUxMDI@._V1_SX300.jpg,N/A,Not Rated,21 Oct 2016,True,91 min,http://167.114.174.132:9092/movies/Batch221/King.Cobra.2016.720p.BluRay.x264-%5BYTS.AG%5D.srt,King Cobra,movie,N/A,"Justin Kelly, D. Madison Savage, Andrew E. Stoner",2016
44,"Auli'i Cravalho, Dwayne Johnson, Rachel House",Nominated for 2 Oscars. 21 wins & 90 nominations total,"$248,757,044",United States,"Ron Clements, John Musker, Don Hall",07 Mar 2017,"Animation, Adventure, Comedy",tt3521164,7.6,"333,208","English, French",http://167.114.174.132:9092/movies/Batch221/Moana.2016.720p.BluRay.x264-%5BYTS.AG%5D.mp4,81,"In Ancient Polynesia, when a terrible curse incurred by the Demigod Maui reaches Moana's island, she answers the Ocean's call to seek out the Demigod to set things right.",https://m.media-amazon.com/images/M/MV5BMjI4MzU5NTExNF5BMl5BanBnXkFtZTgwNzY1MTEwMDI@._V1_SX300.jpg,N/A,PG,23 Nov 2016,True,107 min,http://167.114.174.132:9092/movies/Batch221/Moana.2016.720p.BluRay.x264-%5BYTS.AG%5D.srt,Moana,movie,N/A,"Jared Bush, Ron Clements, John Musker",2016
45,"Kika Magalhães, Will Brill, Olivia Bond",5 wins & 14 nominations,N/A,N/A,Nicolas Pesce,07 Mar 2017,"Drama, Horror, Thriller",tt5225338,6.2,"13,136","English, Portuguese",http://167.114.174.132:9092/movies/Batch221/The.Eyes.Of.My.Mother.2016.720p.BluRay.x264-%5BYTS.AG%5D.mp4,63,"In their secluded farmhouse, a mother (a former surgeon) teaches her daughter, Francisca, anatomy, and how life and death are not to be feared. One afternoon, a mysterious visitor shatters the idyll of their family life, and deepl...",https://m.media-amazon.com/images/M/MV5BMTcyMDkyMDA4N15BMl5BanBnXkFtZTgwMjE5MDExMDI@._V1_SX300.jpg,N/A,R,02 Dec 2016,True,76 min,http://167.114.174.132:9092/movies/Batch221/The.Eyes.Of.My.Mother.2016.720p.BluRay.x264-%5BYTS.AG%5D.srt,The Eyes of My Mother,movie,N/A,Nicolas Pesce,2016
46,"Jessica Chastain, Mark Strong, Gugu Mbatha-Raw",1 win & 10 nominations,"$3,500,605","United Kingdom, France, Canada, United States",John Madden,21 Mar 2017,Drama,tt4540710,7.5,"75,341",English,http://167.114.174.132:9092/movies/Batch224/Miss.Sloane.2016.720p.BluRay.x264-%5BYTS.AG%5D.mp4,64,"In the high-stakes world of political power-brokers, Elizabeth Sloane is the most sought after and formidable lobbyist in D.C. But when taking on the most powerful opponent of her career, she finds winning may come at too high a p...",https://m.media-amazon.com/images/M/MV5BMTAyODY4Njc4MjBeQTJeQWpwZ15BbWU4MDI0NTIzMDAy._V1_SX300.jpg,N/A,R,09 Dec 2016,True,132 min,http://167.114.174.132:9092/movies/Batch224/Miss.Sloane.2016.720p.BluRay.x264-%5BYTS.AG%5D.srt,Miss Sloane,movie,N/A,Jonathan Perera,2016
47,"Kate Beckinsale, Mel Raido, Duncan Joiner",1 nomination,"$2,423,468",United States,D.J. Caruso,17 Jan 2017,"Drama, Horror, Thriller",tt2364897,3.9,"9,982",English,http://167.114.174.132:9092/movies/Batch224/The.Disappointments.Room.2016.720p.BluRay.x264-%5BYTS.AG%5D.mp4,31,A mother and her young son release unimaginable horrors from the attic of their rural dream home.,https://m.media-amazon.com/images/M/MV5BMTE0MTE3MzI4ODFeQTJeQWpwZ15BbWU4MDI1MDI0ODkx._V1_SX300.jpg,N/A,R,09 Sep 2016,True,91 min,http://167.114.174.132:9092/movies/Batch224/The.Disappointments.Room.2016.720p.BluRay.x264-%5BYTS.AG%5D.srt,The Disappointments Room,movie,N/A,"Wentworth Miller, D.J. Caruso",2016
48,"Mark Wahlberg, Michelle Monaghan, J.K. Simmons",2 wins & 3 nominations,"$31,886,361","Hong Kong, United States",Peter Berg,28 Mar 2017,"Action, Crime, Drama",tt4572514,7.3,"103,477","English, Chinese, Arabic",http://167.114.174.132:9092/movies/Batch226/Patriots.Day.2016.720p.BluRay.x264-%5BYTS.AG%5D.mp4,69,"The story of the 2013 Boston Marathon bombing and the aftermath, which includes the city-wide manhunt to find the terrorists responsible.",https://m.media-amazon.com/images/M/MV5BZDcwNGZkNzgtMTU1MC00MTQ2LWIyMzQtYWEzMmUyYjc5MTZjXkEyXkFqcGdeQXVyNTIzOTk5ODM@._V1_SX300.jpg,N/A,R,13 Jan 2017,True,133 min,http://167.114.174.132:9092/movies/Batch226/Patriots.Day.2016.720p.BluRay.x264-%5BYTS.AG%5D.srt,Patriots Day,movie,N/A,"Peter Berg, Matt Cook, Joshua Zetumer",2016
49,"Felicity Jones, Diego Luna, Alan Tudyk",Nominated for 2 Oscars. 24 wins & 85 nominations total,"$533,539,991",United States,Gareth Edwards,04 Apr 2017,"Action, Adventure, Sci-Fi",tt3748528,7.8,"631,047",English,http://167.114.174.132:9092/movies/Batch226/Rogue.One.2016.720p.BluRay.x264-%5BYTS.AG%5D.mp4,65,"In a time of conflict, a group of unlikely heroes band together on a mission to steal the plans to the Death Star, the Empire's ultimate weapon of destruction.",https://m.media-amazon.com/images/M/MV5BMjEwMzMxODIzOV5BMl5BanBnXkFtZTgwNzg3OTAzMDI@._V1_SX300.jpg,N/A,PG-13,16 Dec 2016,True,133 min,http://167.114.174.132:9092/movies/Batch226/Rogue.One.2016.720p.BluRay.x264-%5BYTS.AG%5D.srt,Rogue One: A Star Wars Story,movie,N/A,"Chris Weitz, Tony Gilroy, John Knoll",2016
50,"Andrew Garfield, Adam Driver, Liam Neeson",Nominated for 1 Oscar. 6 wins & 58 nominations total,"$7,100,177","United States, United Kingdom, Taiwan, Japan, Mexico, Italy",Martin Scorsese,28 Mar 2017,"Drama, History",tt0490215,7.1,"113,330","English, Japanese, Latin",http://167.114.174.132:9092/movies/Batch226/Silence.2016.720p.BluRay.x264-%5BYTS.AG%5D.mp4,79,"In the 17th century, two Portuguese Jesuit priests travel to Japan in an attempt to locate their mentor, who is rumored to have committed apostasy, and to propagate Catholicism.",https://m.media-amazon.com/images/M/MV5BMjY3OTk0NjA2NV5BMl5BanBnXkFtZTgwNTg3Mjc2MDI@._V1_SX300.jpg,N/A,R,13 Jan 2017,True,161 min,http://167.114.174.132:9092/movies/Batch226/Silence.2016.720p.BluRay.x264-%5BYTS.AG%5D.srt,Silence,movie,N/A,"Jay Cocks, Martin Scorsese, Shûsaku Endô",2016
51,"Nicolas Cage, John Cusack, Adrian Grenier",N/A,N/A,"United States, Canada",Steven C. Miller,28 Mar 2017,"Action, Crime, Thriller",tt5580536,4.0,"4,607",English,http://167.114.174.132:9092/movies/Batch227/Arsenal.2017.720p.BluRay.x264-%5BYTS.AG%5D.mp4,25,A Southern mobster attempts to rescue his kidnapped brother.,https://m.media-amazon.com/images/M/MV5BMTEyMzk3ODYzMzdeQTJeQWpwZ15BbWU4MDk0MDc3ODAy._V1_SX300.jpg,N/A,R,06 Jan 2017,True,97 min,http://167.114.174.132:9092/movies/Batch227/Arsenal.2017.720p.BluRay.x264-%5BYTS.AG%5D.srt,Arsenal,movie,N/A,Jason Mosberg,2017
52,"Richard Short, Tim Fellingham, Stella Stocker",N/A,N/A,United Kingdom,Giles Alderson,08 Dec 2020,"Action, Adventure, History",tt7052270,3.3,"6,036",N/A,http://167.114.174.132:9092/movies/Batch227/Arthur.%26.Merlin.2015.720p.BluRay.x264-%5BYTS.AG%5D.mp4,N/A,Follows King Arthur and his people race home to prevent Mordred from taking over Camelot.,https://m.media-amazon.com/images/M/MV5BNzQ5MDY2YWItOWYzMi00NGFhLWFlNDAtNmNiNjg2NWM1NjcyXkEyXkFqcGdeQXVyNjU2NDIxOTM@._V1_SX300.jpg,N/A,N/A,23 Jul 2020,True,90 min,http://167.114.174.132:9092/movies/Batch227/Arthur.%26.Merlin.2015.720p.BluRay.x264-%5BYTS.AG%5D.srt,Arthur & Merlin: Knights of Camelot,movie,N/A,"Giles Alderson, Simon Cotton, Jonny Grant",2020
53,"Dolph Lundgren, Kristina Klebe, Tony Bentley",N/A,N/A,United States,Mike Mendez,02 Apr 2009,"Action, Horror",tt3113696,5.2,"4,679",English,http://167.114.174.132:9092/movies/Batch227/Don%27t.Kill.It.2016.720p.BluRay.x264-%5BYTS.AG%5D.mp4,N/A,An ancient demon terrorizes a tiny Mississippi town.,https://m.media-amazon.com/images/M/MV5BOTM4NWQ4ZWItYjk4YS00Mzg4LTg4ZTQtNGNlNzZkNTdiZTkwXkEyXkFqcGdeQXVyMDI4NjM1MQ@@._V1_SX300.jpg,N/A,Not Rated,03 Mar 2017,True,83 min,http://167.114.174.132:9092/movies/Batch227/Don%27t.Kill.It.2016.720p.BluRay.x264-%5BYTS.AG%5D.srt,Don't Kill It,movie,N/A,"Dan Berk, Robert Olsen",2016
54,"Taraji P. Henson, Octavia Spencer, Janelle Monáe",Nominated for 3 Oscars. 37 wins & 94 nominations total,"$169,607,287",United States,Theodore Melfi,11 Apr 2017,"Biography, Drama, History",tt4846340,7.8,"229,635",English,http://167.114.174.132:9092/movies/Batch227/Hidden.Figures.2016.720p.BluRay.x264-%5BYTS.AG%5D.mp4,74,The story of a team of female African-American mathematicians who served a vital role in NASA during the early years of the U.S. space program.,https://m.media-amazon.com/images/M/MV5BMzg2Mzg4YmUtNDdkNy00NWY1LWE3NmEtZWMwNGNlMzE5YzU3XkEyXkFqcGdeQXVyMjA5MTIzMjQ@._V1_SX300.jpg,N/A,PG,06 Jan 2017,True,127 min,http://167.114.174.132:9092/movies/Batch227/Hidden.Figures.2016.720p.BluRay.x264-%5BYTS.AG%5D.srt,Hidden Figures,movie,N/A,"Allison Schroeder, Theodore Melfi, Margot Lee Shetterly",2016
55,"Adam Driver, Golshifteh Farahani, Nellie",10 wins & 43 nominations,"$2,152,738","France, Germany, United States",Jim Jarmusch,04 Apr 2017,"Comedy, Drama, Romance",tt5247022,7.3,"81,945","English, Italian",http://167.114.174.132:9092/movies/Batch227/Paterson.2016.720p.BluRay.x264-%5BYTS.AG%5D.mp4,90,"A quiet observation of the triumphs and defeats of daily life, along with the poetry evident in its smallest details.",https://m.media-amazon.com/images/M/MV5BMTUzODA4Nzk0OF5BMl5BanBnXkFtZTgwNzE1MDIwMDI@._V1_SX300.jpg,N/A,R,28 Dec 2016,True,118 min,http://167.114.174.132:9092/movies/Batch227/Paterson.2016.720p.BluRay.x264-%5BYTS.AG%5D.srt,Paterson,movie,N/A,"Jim Jarmusch, William Carlos Williams, Ron Padgett",2016
56,"Milla Jovovich, Iain Glen, Ali Larter",2 wins & 3 nominations,"$26,830,068","Germany, Canada",Paul W.S. Anderson,16 May 2017,"Action, Horror, Sci-Fi",tt2592614,5.5,"94,721",English,http://167.114.174.132:9092/movies/Batch227/Resident.Evil.The.Final.Chapter.2016.720p.BluRay.x264-%5BYTS.AG%5D.mp4,49,"Alice returns to where the nightmare began: The Hive in Raccoon City, where the Umbrella Corporation is gathering its forces for a final strike against the only remaining survivors of the apocalypse.",https://m.media-amazon.com/images/M/MV5BMTc0Mzc2OTQ0Ml5BMl5BanBnXkFtZTgwOTQ5MjE4MDI@._V1_SX300.jpg,N/A,R,27 Jan 2017,True,107 min,http://167.114.174.132:9092/movies/Batch227/Resident.Evil.The.Final.Chapter.2016.720p.BluRay.x264-%5BYTS.AG%5D.srt,Resident Evil: The Final Chapter,movie,N/A,Paul W.S. Anderson,2016
57,"Lucas Till, Jane Levy, Thomas Lennon",2 nominations,"$33,370,166","Canada, United States",Chris Wedge,11 Apr 2017,"Action, Adventure, Comedy",tt3095734,5.6,"17,418",English,http://167.114.174.132:9092/movies/Batch228/Monster.Trucks.2016.720p.BluRay.x264-%5BYTS.AG%5D.mp4,41,A young man working at a small town junkyard discovers and befriends a creature which feeds on oil being sought by a fracking company.,https://m.media-amazon.com/images/M/MV5BMTEyMjAzMDk4ODZeQTJeQWpwZ15BbWU4MDUxNzMzMDEy._V1_SX300.jpg,N/A,PG,13 Jan 2017,True,104 min,http://167.114.174.132:9092/movies/Batch228/Monster.Trucks.2016.720p.BluRay.x264-%5BYTS.AG%5D.srt,Monster Trucks,movie,N/A,"Derek Connolly, Matthew Robinson, Jonathan Aibel",2016
58,"Douglas Smith, Lucien Laviscount, Cressida Bonas",N/A,"$22,395,806","United States, China",Stacy Title,25 Apr 2017,"Drama, Fantasy, Horror",tt4030600,4.3,"24,462",English,http://167.114.174.132:9092/movies/Batch228/The.Bye.Bye.Man.2017.720p.BluRay.x264-%5BYTS.AG%5D.mp4,37,Three friends stumble upon the horrific origins of a mysterious figure they discover is the root cause of the evil behind unspeakable acts.,https://m.media-amazon.com/images/M/MV5BMTcxOTE5NzQwNF5BMl5BanBnXkFtZTgwOTMzMTc1ODE@._V1_SX300.jpg,N/A,PG-13,13 Jan 2017,True,96 min,http://167.114.174.132:9092/movies/Batch228/The.Bye.Bye.Man.2017.720p.BluRay.x264-%5BYTS.AG%5D.srt,The Bye Bye Man,movie,N/A,"Jonathan Penner, Robert Damon Schneck",2017
59,"Nicolas Cage, Anna Hutchison, Talitha Eliana Bateman",N/A,"$4,526",United States,Johnny Martin,15 Sep 2017,"Action, Thriller",tt5460530,5.2,"7,873",English,http://167.114.174.132:9092/movies/Batch228/Vengeance.A.Love.Story.2017.720p.BluRay.x264-%5BYTS.AG%5D.mp4,N/A,A group of strangers come to the aid of a single mother seeking to bring her rapists to justice.,https://m.media-amazon.com/images/M/MV5BZGY2MDBiM2UtZTU4NC00OTU4LTg4ZjUtNTQxM2Q5Mzg3N2Q2XkEyXkFqcGdeQXVyMjAyNjIzOQ@@._V1_SX300.jpg,N/A,TV-MA,15 Sep 2017,True,99 min,http://167.114.174.132:9092/movies/Batch228/Vengeance.A.Love.Story.2017.720p.BluRay.x264-%5BYTS.AG%5D.srt,Vengeance: A Love Story,movie,N/A,"John Mankiewicz, Joyce Carol Oates",2017
60,"Guy Pearce, Dakota Fanning, Emilia Jones",11 wins & 12 nominations,N/A,"Netherlands, France, Germany, Belgium, Sweden, United Kingdom, United States",Martin Koolhoven,11 Apr 2017,"Drama, Mystery, Thriller",tt1895315,7.0,"41,653","English, Dutch, Chinese",http://167.114.174.132:9092/movies/Batch229/Brimstone.2016.720p.BluRay.x264-%5BYTS.AG%5D.mp4,45,"From the moment the new Reverend climbs the pulpit, Liz knows that she and her family are in great danger.",https://m.media-amazon.com/images/M/MV5BNGU0Y2VkMDAtMTA0YS00YzU1LWEwNzMtZDM1MzFiNWZmMDRkXkEyXkFqcGdeQXVyMjU2OTAyMzQ@._V1_SX300.jpg,N/A,R,12 Jan 2017,True,148 min,http://167.114.174.132:9092/movies/Batch229/Brimstone.2016.720p.BluRay.x264-%5BYTS.AG%5D.srt,Brimstone,movie,N/A,Martin Koolhoven,2016
61,"John Candy, Leon, Doug E. Doug",2 wins & 2 nominations,"$68,856,263",United States,Jon Turteltaub,02 Jul 2002,"Adventure, Comedy, Family",tt0106611,7.0,"104,607","English, German, Russian",http://167.114.174.132:9092/movies/Batch229/Cool.Runnings.1993.720p.BluRay.x264-%5BYTS.AG%5D.mp4,60,"When a Jamaican sprinter is disqualified from the Olympic Games, he enlists the help of a dishonored coach to start the first Jamaican Bobsled Team.",https://m.media-amazon.com/images/M/MV5BOGFkZmQyM2EtMzQ4My00NjUzLWE0MGYtYTczNzRhNDQxODUwXkEyXkFqcGdeQXVyMTMxODk2OTU@._V1_SX300.jpg,N/A,PG,01 Oct 1993,True,98 min,http://167.114.174.132:9092/movies/Batch229/Cool.Runnings.1993.720p.BluRay.x264-%5BYTS.AG%5D.srt,Cool Runnings,movie,N/A,"Lynn Siefert, Michael Ritchie, Tommy Swerdlow",1993
62,"Dev Patel, Nicole Kidman, Rooney Mara",Nominated for 6 Oscars. 59 wins & 110 nominations total,"$51,738,905","Australia, United Kingdom, United States, India",Garth Davis,21 Mar 2017,"Biography, Drama",tt3741834,8.0,"236,480","English, Hindi, Bengali",http://167.114.174.132:9092/movies/Batch229/Lion.2016.720p.BluRay.x264-%5BYTS.AG%5D.mp4,69,"A five-year-old Indian boy is adopted by an Australian couple after getting lost hundreds of kilometers from home. 25 years later, he sets out to find his lost family.",https://m.media-amazon.com/images/M/MV5BMjA3NjkzNjg2MF5BMl5BanBnXkFtZTgwMDkyMzgzMDI@._V1_SX300.jpg,N/A,PG-13,06 Jan 2017,True,118 min,http://167.114.174.132:9092/movies/Batch229/Lion.2016.720p.BluRay.x264-%5BYTS.AG%5D.srt,Lion,movie,N/A,"Saroo Brierley, Luke Davies",2016
63,"Armie Hammer, Annabelle Wallis, Tom Cullen",1 win & 4 nominations,N/A,"United States, Spain, Italy","Fabio Guaglione, Fabio Resinaro",13 Jun 2017,"Drama, Fantasy, Thriller",tt3707104,5.8,"18,705",English,http://167.114.174.132:9092/movies/Batch229/Mine.2016.720p.BluRay.x264-%5BYTS.AG%5D.mp4,40,"After a failed assassination attempt, a United States Marine finds himself stranded in the desert. Exposed to the elements, he must survive the dangers of the desert and battle the psychological and physical tolls of the treachero...",https://m.media-amazon.com/images/M/MV5BNzVjZTdjMWYtZmFhNS00MDRmLTgyNDktYzQwM2M1ZDQyMTg3XkEyXkFqcGdeQXVyNDExMzMxNjE@._V1_SX300.jpg,N/A,Not Rated,07 Apr 2017,True,106 min,http://167.114.174.132:9092/movies/Batch229/Mine.2016.720p.BluRay.x264-%5BYTS.AG%5D.srt,Mine,movie,N/A,"Fabio Guaglione, Fabio Resinaro",2016
64,"Jamie Foxx, Michelle Monaghan, Dermot Mulroney",1 nomination,"$20,783,704",United States,Baran bo Odar,18 Apr 2017,"Action, Thriller",tt2072233,5.6,"32,712",English,http://167.114.174.132:9092/movies/Batch229/Sleepless.2017.720p.BluRay.x264-%5BYTS.AG%5D.mp4,34,A cop with a connection to the criminal underworld scours a nightclub in search of his kidnapped son.,https://m.media-amazon.com/images/M/MV5BNjEwMDAyOTM4OV5BMl5BanBnXkFtZTgwMzc4MjMyMDI@._V1_SX300.jpg,N/A,R,13 Jan 2017,True,95 min,http://167.114.174.132:9092/movies/Batch229/Sleepless.2017.720p.BluRay.x264-%5BYTS.AG%5D.srt,Sleepless,movie,N/A,"Andrea Berloff, Frédéric Jardin, Nicolas Saada",2017
65,"James McAvoy, Anya Taylor-Joy, Haley Lu Richardson",10 wins & 26 nominations,"$138,291,365","United States, Japan",M. Night Shyamalan,18 Apr 2017,"Horror, Thriller",tt4972582,7.3,"493,202",English,http://167.114.174.132:9092/movies/Batch229/Split.2016.720p.BluRay.x264-%5BYTS.AG%5D.mp4,62,Three girls are kidnapped by a man with a diagnosed 23 distinct personalities. They must try to escape before the apparent emergence of a frightful new 24th.,https://m.media-amazon.com/images/M/MV5BZTJiNGM2NjItNDRiYy00ZjY0LTgwNTItZDBmZGRlODQ4YThkL2ltYWdlXkEyXkFqcGdeQXVyMjY5ODI4NDk@._V1_SX300.jpg,N/A,PG-13,20 Jan 2017,True,117 min,http://167.114.174.132:9092/movies/Batch229/Split.2016.720p.BluRay.x264-%5BYTS.AG%5D.srt,Split,movie,N/A,M. Night Shyamalan,2016
67,"Felicity Jones, Diego Luna, Alan Tudyk",Nominated for 2 Oscars. 24 wins & 85 nominations total,"$533,539,991",United States,Gareth Edwards,04 Apr 2017,"Action, Adventure, Sci-Fi",tt3748528,7.8,"631,047",English,http://167.114.174.132:9092/movies/Batch226/Rogue.One.2016.720p.BluRay.x264-%5BYTS.AG%5D.mp4,65,"In a time of conflict, a group of unlikely heroes band together on a mission to steal the plans to the Death Star, the Empire's ultimate weapon of destruction.",https://m.media-amazon.com/images/M/MV5BMjEwMzMxODIzOV5BMl5BanBnXkFtZTgwNzg3OTAzMDI@._V1_SX300.jpg,N/A,PG-13,16 Dec 2016,True,133 min,http://167.114.174.132:9092/movies/Batch226/Rogue.One.2016.720p.BluRay.x264-%5BYTS.AG%5D.srt,Rogue One: A Star Wars Story,movie,N/A,"Chris Weitz, Tony Gilroy, John Knoll",2016
68,"Richard Short, Tim Fellingham, Stella Stocker",N/A,N/A,United Kingdom,Giles Alderson,08 Dec 2020,"Action, Adventure, History",tt7052270,3.3,"6,036",N/A,http://167.114.174.132:9092/movies/Batch227/Arthur.%26.Merlin.2015.720p.BluRay.x264-%5BYTS.AG%5D.mp4,N/A,Follows King Arthur and his people race home to prevent Mordred from taking over Camelot.,https://m.media-amazon.com/images/M/MV5BNzQ5MDY2YWItOWYzMi00NGFhLWFlNDAtNmNiNjg2NWM1NjcyXkEyXkFqcGdeQXVyNjU2NDIxOTM@._V1_SX300.jpg,N/A,N/A,23 Jul 2020,True,90 min,http://167.114.174.132:9092/movies/Batch227/Arthur.%26.Merlin.2015.720p.BluRay.x264-%5BYTS.AG%5D.srt,Arthur & Merlin: Knights of Camelot,movie,N/A,"Giles Alderson, Simon Cotton, Jonny Grant",2020
69,"Milla Jovovich, Iain Glen, Ali Larter",2 wins & 3 nominations,"$26,830,068","Germany, Canada",Paul W.S. Anderson,16 May 2017,"Action, Horror, Sci-Fi",tt2592614,5.5,"94,721",English,http://167.114.174.132:9092/movies/Batch227/Resident.Evil.The.Final.Chapter.2016.720p.BluRay.x264-%5BYTS.AG%5D.mp4,49,"Alice returns to where the nightmare began: The Hive in Raccoon City, where the Umbrella Corporation is gathering its forces for a final strike against the only remaining survivors of the apocalypse.",https://m.media-amazon.com/images/M/MV5BMTc0Mzc2OTQ0Ml5BMl5BanBnXkFtZTgwOTQ5MjE4MDI@._V1_SX300.jpg,N/A,R,27 Jan 2017,True,107 min,http://167.114.174.132:9092/movies/Batch227/Resident.Evil.The.Final.Chapter.2016.720p.BluRay.x264-%5BYTS.AG%5D.srt,Resident Evil: The Final Chapter,movie,N/A,Paul W.S. Anderson,2016
70,"Nicolas Cage, Anna Hutchison, Talitha Eliana Bateman",N/A,"$4,526",United States,Johnny Martin,15 Sep 2017,"Action, Thriller",tt5460530,5.2,"7,873",English,http://167.114.174.132:9092/movies/Batch228/Vengeance.A.Love.Story.2017.720p.BluRay.x264-%5BYTS.AG%5D.mp4,N/A,A group of strangers come to the aid of a single mother seeking to bring her rapists to justice.,https://m.media-amazon.com/images/M/MV5BZGY2MDBiM2UtZTU4NC00OTU4LTg4ZjUtNTQxM2Q5Mzg3N2Q2XkEyXkFqcGdeQXVyMjAyNjIzOQ@@._V1_SX300.jpg,N/A,TV-MA,15 Sep 2017,True,99 min,http://167.114.174.132:9092/movies/Batch228/Vengeance.A.Love.Story.2017.720p.BluRay.x264-%5BYTS.AG%5D.srt,Vengeance: A Love Story,movie,N/A,"John Mankiewicz, Joyce Carol Oates",2017
76,"Stuart Allan, Jake T. Austin, Taissa Farmiga, Sean Maher",1 nomination.,N/A,USA,Sam Liu,10 Apr 2017,"Animation, Action, Adventure, Drama, Family, Fantasy, Sci-Fi",tt6315800,7.0,"13,218","English, French, Spanish",http://167.114.174.132:9092/movies/Batch229/Teen.Titans.The.Judas.Contract.2017.720p.BluRay.x264-%5BYTS.AG%5D.mp4,N/A,"A group of teen super heroes grow up together, fighting evil in their city.",https://m.media-amazon.com/images/M/MV5BNGZlODc0YjgtNWZjNS00NGNjLTgwOTUtMTllZTEyYjE0YTMwXkEyXkFqcGdeQXVyNjUwNzk3NDc@._V1_SX300.jpg,N/A,PG-13,04 Apr 2017,True,84 min,http://167.114.174.132:9092/movies/Batch229/Teen.Titans.The.Judas.Contract.2017.720p.BluRay.x264-%5BYTS.AG%5D.srt,Teen Titans: The Judas Contract,movie,N/A,"Ernie Altbacker, Marv Wolfman (comic book), George Pérez (comic book), Arnold Drake (Beast Boy created by), Bob Rozakis (Bumblebee created by), Jose Delbo (Bumblebee created by), Marv Wolfman (Raven,  Starfire,  Nightwing,  Terra,  Brother Blood,  Deathst",2017
77,"Michael Keaton, Nick Offerman, John Carroll Lynch",1 win & 5 nominations,"$12,786,053","United States, Greece",John Lee Hancock,18 Apr 2017,"Biography, Drama",tt4276820,7.2,"151,475","English, Yiddish",http://167.114.174.132:9092/movies/Batch229/The.Founder.2016.720p.BluRay.x264-%5BYTS.AG%5D.mp4,66,"The story of Ray Kroc, a salesman who turned two brothers' innovative fast food eatery, McDonald's, into the biggest restaurant business in the world, with a combination of ambition, persistence, and ruthlessness.",https://m.media-amazon.com/images/M/MV5BMzExNDg0MDk1M15BMl5BanBnXkFtZTgwNzE1Mjg0MDI@._V1_SX300.jpg,N/A,PG-13,20 Jan 2017,True,115 min,http://167.114.174.132:9092/movies/Batch229/The.Founder.2016.720p.BluRay.x264-%5BYTS.AG%5D.srt,The Founder,movie,N/A,Robert Siegel,2016
78,"Claude Perron, Jean-Pierre Martins, Eriq Ebouaney",3 wins & 1 nomination,N/A,France,"Yannick Dahan, Benjamin Rocher",21 Dec 2010,"Action, Horror",tt1183276,5.9,"15,808","French, Czech",http://167.114.174.132:9092/movies/Batch229/The.Horde.2016.720p.BluRay.x264-%5BYTS.AG%5D.mp4,N/A,"An end of the world battle between gangsters, cops and zombies.",https://m.media-amazon.com/images/M/MV5BMWNlYjg5OTktMjgyOC00MTJhLTlmMzItNWU4NjE5NDk1NjM4XkEyXkFqcGdeQXVyMTEyODk3NTgz._V1_SX300.jpg,N/A,Not Rated,10 Feb 2010,True,90 min,,The Horde,movie,N/A,"Arnaud Bordas, Yannick Dahan, Stéphane Moïssakis",2009
79,"Allie Gallerani, James Franco, Joe Pease",N/A,N/A,United States,"James Franco, Pamela Romanowsky",04 Apr 2017,Thriller,tt5788136,4.1,"2,934",English,http://167.114.174.132:9092/movies/Batch229/The.Institute.2017.720p.BluRay.x264-%5BYTS.AG%5D.mp4,N/A,"Subjected to bizarre, increasingly violent pseudo-scientific experiments in personality modification, brainwashing and mind control, Isabel must escape the clutches of the Rosewood Institute and exact her revenge, or else be forev...",https://m.media-amazon.com/images/M/MV5BYjdhYWRmYjctYzkzMS00Yjc2LWEzYTktZDM4MTA1OWYxOWQxL2ltYWdlXkEyXkFqcGdeQXVyNTY0MTkxMTg@._V1_SX300.jpg,N/A,R,03 Mar 2017,True,98 min,http://167.114.174.132:9092/movies/Batch229/The.Institute.2017.720p.BluRay.x264-%5BYTS.AG%5D.srt,The Institute,movie,N/A,"Matt Rager, Adam Rager",2017
80,"Mike 'The Miz' Mizanin, Maryse Mizanin, Heath Miller, Trinity Fatu",N/A,N/A,USA,James Nunn,25 Apr 2017,"Action, Crime, Thriller",tt5781798,5.1,"1,498",English,http://167.114.174.132:9092/movies/Batch229/The.Marine.5.Battleground.2017.720p.BluRay.x264-%5BYTS.AG%5D.mp4,N/A,"While working as an EMT back stateside Jake Carter after responding to a distress call, finds himself caught up protecting a person of interest from a biker gang ruthlessly hunting them down.",https://m.media-amazon.com/images/M/MV5BYmNjZmFjNzktZDJlZC00M2U1LTg5MmYtMmY2YzllMzYyMDk3XkEyXkFqcGdeQXVyNjczMzc5NzQ@._V1_SX300.jpg,N/A,R,25 Apr 2017,True,91 min,http://167.114.174.132:9092/movies/Batch229/The.Marine.5.Battleground.2017.720p.BluRay.x264-%5BYTS.AG%5D.srt,The Marine 5: Battleground,movie,N/A,"Edward McHenry, Rory McHenry",2017
81,"Wesley Elder, Christina Grimmie, Osric Chau",N/A,N/A,United States,Caleb Vetter,06 Dec 2016,"Comedy, Romance",tt4269746,5.5,"2,831",English,http://167.114.174.132:9092/movies/Batch229/The.Matchbreaker.2016.720p.BluRay.x264-%5BYTS.AG%5D.mp4,N/A,A young professional breakup artist reaches a crisis when the girl he's hired to target is the girl he's always wanted.,https://m.media-amazon.com/images/M/MV5BNTE4MWVhYmUtZGFjMS00MGM5LTg2MDEtZTkyYTg3NmM0YzNhXkEyXkFqcGdeQXVyNDM1NzQ0NA@@._V1_SX300.jpg,N/A,PG,06 Dec 2016,True,94 min,http://167.114.174.132:9092/movies/Batch229/The.Matchbreaker.2016.720p.BluRay.x264-%5BYTS.AG%5D.srt,The Matchbreaker,movie,N/A,"Caleb Vetter, Wesley Elder, Marshal Younger",2016
82,"Lucas Quintana, Martin Sheen, Jacqueline Duprey",N/A,N/A,"Puerto Rico, United States",Julio Quintana,02 Feb 2017,Drama,tt4083052,5.4,"1,143","English, Spanish",http://167.114.174.132:9092/movies/Batch229/The.Vessel.2016.720p.BluRay.x264-%5BYTS.AG%5D.mp4,67,"Ten years after a tsunami destroyed a small-town elementary school with all the children inside, a young man builds a mysterious structure out of the school's remains, setting the town aflame with passions long forgotten.",https://m.media-amazon.com/images/M/MV5BNDEyMGViYjgtNjVkNi00NDhlLTg4OTEtOWI4NzdlNjZiNDNkXkEyXkFqcGdeQXVyMTY3NzkwODA@._V1_SX300.jpg,N/A,PG-13,16 Sep 2016,True,86 min,http://167.114.174.132:9092/movies/Batch229/The.Vessel.2016.720p.BluRay.x264-%5BYTS.AG%5D.srt,The Vessel,movie,N/A,Julio Quintana,2016
83,"Johannes Grenzfurthner, Eddie Codel, Jenny Marx",8 wins & 8 nominations,N/A,"Austria, United States",Johannes Grenzfurthner,N/A,"Documentary, Biography, Comedy",tt4490762,7.1,"2,867","English, German",http://167.114.174.132:9092/movies/Batch229/Traceroute.2016.720p.BluRay.x264-%5BYTS.AG%5D.mp4,N/A,"A Personal Journey Into The Uncharted Depths Of Nerd Culture, A Realm Full Of Dangers, Creatures And More Or Less Precarious Working Conditions...",https://m.media-amazon.com/images/M/MV5BMTg1Mjc1MzI0MV5BMl5BanBnXkFtZTgwNzMyMDI5NjE@._V1_SX300.jpg,N/A,N/A,01 Jun 2016,True,120 min,,Traceroute,movie,N/A,Johannes Grenzfurthner,2016
84,"Susie Celek, Miesha Tate, Erin O'Brien",N/A,N/A,United States,Rob Hawk,25 Oct 2016,"Action, Drama",tt4280822,2.7,632,English,http://167.114.174.132:9092/movies/Batch230/Fight.Valley.2016.720p.BluRay.x264-%5BYTS.AG%5D.mp4,22,A young woman is found dead after getting involved in an underground fighting ring. Her sister Windsor begins training under a respected ex-fighter as she searches for the killer.,https://m.media-amazon.com/images/M/MV5BMTU0MjQ2NDE3OV5BMl5BanBnXkFtZTgwOTYzMTMyODE@._V1_SX300.jpg,N/A,Not Rated,22 Jul 2016,True,90 min,,Fight Valley,movie,N/A,Rob Hawk,2016
85,"Jahking Guillory, Christopher Meyer, Christopher Jordan Wallace",4 wins & 3 nominations,"$150,191",United States,Justin Tipping,06 Dec 2016,"Adventure, Drama",tt4254584,6.4,"4,378",English,http://167.114.174.132:9092/movies/Batch230/Kicks.2016.720p.BluRay.x264-%5BYTS.AG%5D.mp4,69,"Brandon is a 15 year old whose dream is a pair of fresh Air Jordans. Soon after he gets his hands on them, they're stolen by a local hood, causing Brandon and his two friends to go on a dangerous mission through Oakland to retriev...",https://m.media-amazon.com/images/M/MV5BMTgzMTk0ODc5OF5BMl5BanBnXkFtZTgwMTAyMTc0OTE@._V1_SX300.jpg,N/A,R,09 Sep 2016,True,80 min,http://167.114.174.132:9092/movies/Batch230/Kicks.2016.720p.BluRay.x264-%5BYTS.AG%5D.srt,Kicks,movie,N/A,"Joshua Beirne-Golden, Justin Tipping",2016
86,"Henry Phillips, Tig Notaro, J.K. Simmons",N/A,N/A,United States,Gregori Viens,18 Apr 2017,Comedy,tt4283414,5.8,865,English,http://167.114.174.132:9092/movies/Batch230/Punching.Henry.2016.720p.BluRay.x264-%5BYTS.AG%5D.mp4,65,Hapless satirical songwriter Henry Phillips is lured to LA when a veteran TV producer decides to make a show about the life of a loser.,https://m.media-amazon.com/images/M/MV5BODMwM2M4ZmItMzk4Ny00YTBhLTkyN2EtYTAzMmIwNjMxNjQxL2ltYWdlXkEyXkFqcGdeQXVyMTk0NTY2ODQ@._V1_SX300.jpg,N/A,Not Rated,24 Feb 2017,True,95 min,,Punching Henry,movie,N/A,"Henry Phillips, Gregori Viens",2016
87,"Brian Cox, Emile Hirsch, Ophelia Lovibond",8 wins & 10 nominations,"$10,474",United Kingdom,André Øvredal,14 Mar 2017,"Horror, Mystery, Thriller",tt3289956,6.8,"118,308",English,http://167.114.174.132:9092/movies/Batch230/The.Autopsy.Of.Jane.Doe.2016.720p.BluRay.x264-%5BYTS.AG%5D.mp4,65,"A father and son, both coroners, are pulled into a complex mystery while attempting to identify the body of a young woman, who was apparently harboring dark secrets.",https://m.media-amazon.com/images/M/MV5BMjA2MTEzMzkzM15BMl5BanBnXkFtZTgwMjM2MTM5MDI@._V1_SX300.jpg,N/A,R,21 Dec 2016,True,86 min,http://167.114.174.132:9092/movies/Batch230/The.Autopsy.Of.Jane.Doe.2016.720p.BluRay.x264-%5BYTS.AG%5D.srt,The Autopsy of Jane Doe,movie,N/A,"Ian Goldberg, Richard Naing",2016
88,"Matthew McConaughey, Edgar Ramírez, Bryce Dallas Howard",1 win & 5 nominations,"$7,227,038",United States,Stephen Gaghan,02 May 2017,"Crime, Drama",tt1800302,6.7,"64,627","English, Indonesian",http://167.114.174.132:9092/movies/Batch231/Gold.2016.720p.BluRay.x264-%5BYTS.AG%5D.mp4,49,"Kenny Wells, a prospector desperate for a lucky break, teams up with a similarly eager geologist and sets off on a journey to find gold in the uncharted jungle of Indonesia.",https://m.media-amazon.com/images/M/MV5BNzI1NjI5OTUyM15BMl5BanBnXkFtZTgwOTM4NzY2MDI@._V1_SX300.jpg,N/A,R,27 Jan 2017,True,120 min,http://167.114.174.132:9092/movies/Batch231/Gold.2016.720p.BluRay.x264-%5BYTS.AG%5D.srt,Gold,movie,N/A,"Patrick Massett, John Zinman",2016
89,"Hugh Jackman, Patrick Stewart, Dafne Keen",Nominated for 1 Oscar. 28 wins & 80 nominations total,"$226,277,068",United States,James Mangold,20 Jun 2017,"Action, Drama, Sci-Fi",tt3315342,8.1,"757,024","English, Spanish",http://167.114.174.132:9092/movies/Batch231/Logan.2017.1080p.HC.HDRip.X264.AC3-EVO%5BEtHD%5D.mp4,77,"In a future where mutants are nearly extinct, an elderly and weary Logan leads a quiet life. But when Laura, a mutant child pursued by scientists, comes to him for help, he must get her to safety.",https://m.media-amazon.com/images/M/MV5BYzc5MTU4N2EtYTkyMi00NjdhLTg3NWEtMTY4OTEyMzJhZTAzXkEyXkFqcGdeQXVyNjc1NTYyMjg@._V1_SX300.jpg,N/A,R,03 Mar 2017,True,137 min,http://167.114.174.132:9092/movies/Batch231/Logan.2017.1080p.HC.HDRip.X264.AC3-EVO%5BEtHD%5D.srt,Logan,movie,N/A,"James Mangold, Scott Frank, Michael Green",2017
90,"Kristen Stewart, Lars Eidinger, Sigrid Bouaziz",9 wins & 26 nominations,"$1,305,195","France, Germany, Czech Republic, Belgium",Olivier Assayas,10 Oct 2017,"Mystery, Thriller",tt4714782,6.1,"40,694","English, French, Swedish, German",http://167.114.174.132:9092/movies/Batch231/Personal.Shopper.2016.720p.BluRay.x264-%5BYTS.AG%5D.mp4,77,A personal shopper in Paris refuses to leave the city until she makes contact with her twin brother who previously died there. Her life becomes more complicated when a mysterious person contacts her via text message.,https://m.media-amazon.com/images/M/MV5BN2JhYTViMGUtMTU0Ni00MzU5LWE0ZmYtNDk2YTdmOTI5MTFjXkEyXkFqcGdeQXVyNTIyODMzMzA@._V1_SX300.jpg,N/A,R,10 Mar 2017,True,105 min,http://167.114.174.132:9092/movies/Batch231/Personal.Shopper.2016.720p.BluRay.x264-%5BYTS.AG%5D.srt,Personal Shopper,movie,N/A,Olivier Assayas,2016
91,"Danny Glover, Gary Busey, Kevin Peter Hall",1 win & 4 nominations,"$30,669,413",United States,Stephen Hopkins,04 Feb 2003,"Action, Horror, Sci-Fi",tt0100403,6.3,"169,384",English,http://167.114.174.132:9092/movies/Batch231/Predator.2.1990.720p.BrRip.x264.bitloks.YIFY.mp4,46,"The Predator returns to Earth, this time to stake a claim on the war-torn streets of a dystopian Los Angeles.",https://m.media-amazon.com/images/M/MV5BNThjZjI4NTgtZDk4Mi00ZjI1LWExZGUtNTRkOWY1ZTY3M2FlXkEyXkFqcGdeQXVyMTQxNzMzNDI@._V1_SX300.jpg,N/A,R,21 Nov 1990,True,108 min,,Predator 2,movie,N/A,"Jim Thomas, John Thomas",1990
92,"Matilda Anna Ingrid Lutz, Alex Roe, Johnny Galecki",2 wins,"$27,793,018",United States,F. Javier Gutiérrez,02 May 2017,"Drama, Horror, Mystery",tt0498381,4.5,"40,978",English,http://167.114.174.132:9092/movies/Batch231/Rings.2017.720p.BluRay.x264-%5BYTS.AG%5D.mp4,25,A young woman finds herself on the receiving end of a terrifying curse that threatens to take her life in 7 days.,https://m.media-amazon.com/images/M/MV5BYTQzZjhiYjYtNDMzOS00ZjNiLTg2MGMtYWZmYWNjN2U5YTVmXkEyXkFqcGdeQXVyNjI3OTcxOTU@._V1_SX300.jpg,N/A,PG-13,03 Feb 2017,True,102 min,http://167.114.174.132:9092/movies/Batch231/Rings.2017.720p.BluRay.x264-%5BYTS.AG%5D.srt,Rings,movie,N/A,"David Loucka, Jacob Estes, Akiva Goldsman",2017
93,"Rod Canion, Jim Harris, Bill Murto",1 win & 1 nomination,"$8,239",United States,Jason Cohen,23 Nov 2016,"Documentary, History",tt4938484,6.8,"2,028",English,http://167.114.174.132:9092/movies/Batch231/Silicon.Cowboys.2016.720p.BluRay.x264-%5BYTS.AG%5D.mp4,75,"Three friends dream up the Compaq portable computer at a Texas diner in 1981, and soon find themselves battling mighty IBM for PC supremacy. Their improbable journey altered the future of computing and shaped the world we now know.",https://m.media-amazon.com/images/M/MV5BNWRjNmRiOTktZTg3YS00ZmNiLTkxOTgtNWQ1MDFkYmVmYjM3XkEyXkFqcGdeQXVyMjEyMjc0NjA@._V1_SX300.jpg,N/A,Not Rated,16 Sep 2016,True,77 min,http://167.114.174.132:9092/movies/Batch231/Silicon.Cowboys.2016.720p.BluRay.x264-%5BYTS.AG%5D.srt,Silicon Cowboys,movie,N/A,"Jason Cohen, Steven Leckart",2016
94,"Zach Aguilar, Lee Byung-hun, Song Kang-ho",16 wins & 37 nominations,"$541,719",South Korea,Jee-woon Kim,02 May 2017,"Action, History, Thriller",tt4914580,7.1,"10,129","Korean, Japanese, Mandarin, English",http://167.114.174.132:9092/movies/Batch231/The.Age.Of.Shadows.2016.720p.BluRay.x264-%5BYTS.AG%5D.mp4,78,Korean resistance fighters smuggle explosives to destroy facilities controlled by Japanese forces in this period action thriller.,https://m.media-amazon.com/images/M/MV5BMjA4NDk2MzYxM15BMl5BanBnXkFtZTgwNzA4MDYyMDI@._V1_SX300.jpg,N/A,TV-MA,23 Sep 2016,True,140 min,http://167.114.174.132:9092/movies/Batch231/The.Age.Of.Shadows.2016.720p.BluRay.x264-%5BYTS.AG%5D.srt,The Age of Shadows,movie,N/A,"Lee Ji-min, Jee-woon Kim, Jong-dae Park",2016
